[{"html_code":"","url":"#","name":"Трансмиссии от производителей","position":"tpl27-slider","description":"SACHS, LUK, VALEO, MARSHALL","active":true,"sort_position":0,"options_1":"оригинальное качество","options_2":"","options_3":"","options_4":"","options_5":"","image_file_name":"49_artwork_(1).png","image_mini_file_name":"49_artwork_(1).png","image_middle_file_name":"49_artwork_(1).png"},{"html_code":"","url":"","name":"Пневматическая подвеска любых видов","position":"tpl27-slider","description":"100% немецкого качества","active":true,"sort_position":0,"options_1":"","options_2":"","options_3":"","options_4":"","options_5":"","image_file_name":"50_artwork_(2).png","image_mini_file_name":"50_artwork_(2).png","image_middle_file_name":"50_artwork_(2).png"},{"html_code":"","url":"","name":"Грузовые запчасти и запчасти для прицепов","position":"tpl27-slider","description":"Магазин грузовых запчастей для MAN / DAF / VOLVO / SCANIA / MERCEDES / RENAULT / SCHMITZ / SAF / ТОНАР / KRONE / KOGEL","active":false,"sort_position":1,"options_1":"","options_2":"","options_3":"","options_4":"","options_5":"","image_file_name":"44_11.jpg","image_mini_file_name":"44_11.jpg","image_middle_file_name":"44_11.jpg"}]
