[{"field_type":"checkbox","name":"show_catalog_block","label":"Показывать блок каталогов","value":"true"},{"field_type":"checkbox","name":"show_vin_block","label":"Показывать блок VIN","value":"true"},{"field_type":"checkbox","name":"defaults_universal_catalogs_index_show_brand","label":"Показывать лого бренда в модельных каталогах (каталог ТО)","value":"true"},{"field_type":"checkbox","name":"show_about","label":"Показывать блок О компании","value":"true"},{"field_type":"checkbox","name":"show_advantage","label":"Показывать блок преимуществ","value":"true"},{"field_type":"checkbox","name":"show_hits","label":"Показывать блок Хиты продаж","value":"true"},{"field_type":"checkbox","name":"show_novelty","label":"Показывать блок Новинки","value":"true"},{"field_type":"checkbox","name":"show_news","label":"Показывать блок Новости","value":"true"},{"field_type":"checkbox","name":"show_footer_soc","label":"Показывать социальные сети в футере","value":"true"},{"field_type":"checkbox","name":"show_footer_options_name_company","label":"Показывать имя компании в футере из опций","value":"true"},{"field_type":"checkbox","name":"show_footer_social","label":"Показывать блок социальных контактов в футере","value":"true"},{"field_type":"checkbox","name":"show_footer_logo","label":"Показывать лого в футере","value":"true"},{"field_type":"checkbox","name":"show_callback","label":"Показывать форму обратного звонка","value":"true"},{"field_type":"string","name":"footer_name_company","label":"Название компании в футере","value":"ООО \"МИЛЛЕНИУМ ПАРТС\""},{"field_type":"checkbox","name":"show_footer_pay_list","label":"Показывать блок платежных систем в футере","value":"true"}]
