[{"title":"test form filed","btn_text":"send","use_recaptcha":false,"flash_message":"thank's","slug":"test-form-filed","redirect_path":"","system_code":null,"fields":[{"name":"label","field_type":"text_field_","description":"short desc","is_required":true,"settings":{"select_options":[],"text_area_rows":"","file_extensions":"","file_size_limit":"","html_description":"","radio_btn_options":[],"is_select_multiple":"0"},"queue_number":1,"slug":"label"},{"name":"","field_type":"text_field_","description":"","is_required":false,"settings":{"select_options":[],"text_area_rows":"","file_extensions":"","file_size_limit":"","html_description":"","radio_btn_options":[],"is_select_multiple":"0"},"queue_number":2,"slug":"field-47388376497720"}]},{"title":"Обратная связь","btn_text":"Отправить","use_recaptcha":false,"flash_message":"","slug":"obratnaya-svyaz","redirect_path":"","system_code":null,"fields":[{"name":"Имя","field_type":"text_field_","description":"","is_required":true,"settings":{"select_options":[],"text_area_rows":"","file_extensions":"","file_size_limit":"","html_description":"","radio_btn_options":[],"is_select_multiple":"0"},"queue_number":1,"slug":"imya"},{"name":"Телефон","field_type":"text_field_","description":"","is_required":true,"settings":{"select_options":[],"text_area_rows":"","file_extensions":"","file_size_limit":"","html_description":"","radio_btn_options":[],"is_select_multiple":"0"},"queue_number":2,"slug":"telefon"},{"name":"Комментарий клиента","field_type":"text_area_","description":"","is_required":false,"settings":{"select_options":[],"text_area_rows":"","file_extensions":"","file_size_limit":"","html_description":"","radio_btn_options":[],"is_select_multiple":"0"},"queue_number":3,"slug":"kommentarii-klienta"}]},{"title":"Заголовок формы","btn_text":"Кнопка","use_recaptcha":false,"flash_message":"Флэш","slug":"zagolovok-formy","redirect_path":"","system_code":null,"fields":[{"name":"Поле 1","field_type":"text_field_","description":"","is_required":false,"settings":{"select_options":[],"text_area_rows":"","file_extensions":"","file_size_limit":"","html_description":"","radio_btn_options":[],"is_select_multiple":"0"},"queue_number":1,"slug":"pole-1"},{"name":"Поле 2","field_type":"text_area_","description":"","is_required":false,"settings":{"select_options":[],"text_area_rows":"","file_extensions":"","file_size_limit":"","html_description":"","radio_btn_options":[],"is_select_multiple":"0"},"queue_number":2,"slug":"pole-2"},{"name":"Поле 3","field_type":"select_","description":"","is_required":false,"settings":{"select_options":["вариант_1","вариант_2"],"text_area_rows":"","file_extensions":"","file_size_limit":"","html_description":"","radio_btn_options":[],"is_select_multiple":"0"},"queue_number":3,"slug":"pole-3"},{"name":"Поле 4","field_type":"check_box_","description":"","is_required":false,"settings":{"select_options":[],"text_area_rows":"","file_extensions":"","file_size_limit":"","html_description":"","radio_btn_options":[],"is_select_multiple":"0"},"queue_number":4,"slug":"pole-4"},{"name":"Поле 5","field_type":"radio_button_","description":"","is_required":false,"settings":{"select_options":[],"text_area_rows":"","file_extensions":"","file_size_limit":"","html_description":"","radio_btn_options":["вариант_1","вариант_2"],"is_select_multiple":"0"},"queue_number":5,"slug":"pole-5"},{"name":"Поле 6","field_type":"date_select_","description":"","is_required":false,"settings":{"select_options":[],"text_area_rows":"","file_extensions":"","file_size_limit":"","html_description":"","radio_btn_options":[],"is_select_multiple":"0"},"queue_number":6,"slug":"pole-6"},{"name":"Поле 7","field_type":"datetime_select_","description":"","is_required":false,"settings":{"select_options":[],"text_area_rows":"","file_extensions":"","file_size_limit":"","html_description":"","radio_btn_options":[],"is_select_multiple":"0"},"queue_number":7,"slug":"pole-7"},{"name":"Поле 8","field_type":"html_desc_","description":"","is_required":false,"settings":{"select_options":[],"text_area_rows":"","file_extensions":"","file_size_limit":"","html_description":"\u003cp\u003eОписание\u003c/p\u003e\r\n","radio_btn_options":[],"is_select_multiple":"0"},"queue_number":8,"slug":"pole-8"},{"name":"Поле 9","field_type":"file_field_","description":"","is_required":false,"settings":{"select_options":[],"text_area_rows":"","file_extensions":"jpg","file_size_limit":"1","html_description":"","radio_btn_options":[],"is_select_multiple":"0"},"queue_number":9,"slug":"pole-9"}]},{"title":"Заголовок формы_1","btn_text":"Кнопка","use_recaptcha":false,"flash_message":"","slug":"zagolovok-formy_1","redirect_path":"","system_code":null,"fields":[]},{"title":"Запись в автосервис","btn_text":"Записаться","use_recaptcha":false,"flash_message":"","slug":"form-for-asparta","redirect_path":"","system_code":null,"fields":[{"name":"Ваше имя","field_type":"text_field_","description":"","is_required":true,"settings":{"select_options":[],"text_area_rows":"","file_extensions":"","file_size_limit":"","html_description":"","radio_btn_options":[],"is_select_multiple":"0"},"queue_number":1,"slug":"vashe-imya"},{"name":"Ваш номер телефона","field_type":"text_field_","description":"","is_required":true,"settings":{"select_options":[],"text_area_rows":"","file_extensions":"","file_size_limit":"","html_description":"","radio_btn_options":[],"is_select_multiple":"0"},"queue_number":2,"slug":"vash-nomer-telefona"},{"name":"Время записи","field_type":"datetime_select_","description":"","is_required":false,"settings":{"select_options":[],"text_area_rows":"","file_extensions":"","file_size_limit":"","html_description":"","radio_btn_options":[],"is_select_multiple":"0"},"queue_number":3,"slug":"vremya-zapisi"}]},{"title":"sdsd","btn_text":"","use_recaptcha":false,"flash_message":"","slug":"sdsd","redirect_path":"","system_code":null,"fields":[{"name":"","field_type":"text_field_","description":"","is_required":false,"settings":{"select_options":[],"text_area_rows":"","file_extensions":"","file_size_limit":"","html_description":"","radio_btn_options":[],"is_select_multiple":"0"},"queue_number":1,"slug":"field-47117547958500"}]},{"title":"Form for www api","btn_text":"Send","use_recaptcha":false,"flash_message":"aasasas","slug":"form-for-www-api","redirect_path":"","system_code":null,"fields":[{"name":"Текстовое поле","field_type":"text_field_","description":"as","is_required":true,"settings":{"select_options":[],"text_area_rows":"","file_extensions":"","file_size_limit":"","html_description":"","radio_btn_options":[],"is_select_multiple":"0"},"queue_number":1,"slug":"tekstovoe-pole"},{"name":"Текст","field_type":"text_area_","description":"as","is_required":true,"settings":{"select_options":[],"text_area_rows":"60","file_extensions":"","file_size_limit":"","html_description":"","radio_btn_options":[],"is_select_multiple":"0"},"queue_number":2,"slug":"teks"},{"name":"Селект","field_type":"select_","description":"as","is_required":true,"settings":{"select_options":["ывыв","ывыв"],"text_area_rows":"","file_extensions":"","file_size_limit":"","html_description":"","radio_btn_options":[],"is_select_multiple":"0"},"queue_number":3,"slug":"selek"},{"name":"Чекбокс","field_type":"check_box_","description":"as","is_required":true,"settings":{"select_options":[],"text_area_rows":"","file_extensions":"","file_size_limit":"","html_description":"","radio_btn_options":[],"is_select_multiple":"0"},"queue_number":4,"slug":"chekboks"},{"name":"Радио кнопки","field_type":"radio_button_","description":"as","is_required":true,"settings":{"select_options":[],"text_area_rows":"","file_extensions":"","file_size_limit":"","html_description":"","radio_btn_options":["ывывыв","ывывыв"],"is_select_multiple":"0"},"queue_number":5,"slug":"radio-knopki"},{"name":"Дата","field_type":"date_select_","description":"as","is_required":true,"settings":{"select_options":[],"text_area_rows":"","file_extensions":"","file_size_limit":"","html_description":"","radio_btn_options":[],"is_select_multiple":"0"},"queue_number":6,"slug":"data"},{"name":"Дата и время","field_type":"datetime_select_","description":"as","is_required":false,"settings":{"select_options":[],"text_area_rows":"","file_extensions":"","file_size_limit":"","html_description":"","radio_btn_options":[],"is_select_multiple":"0"},"queue_number":7,"slug":"data-i-vremya"},{"name":"Файл","field_type":"file_field_","description":"as","is_required":true,"settings":{"select_options":[],"text_area_rows":"","file_extensions":"txt","file_size_limit":"20","html_description":"","radio_btn_options":[],"is_select_multiple":"0"},"queue_number":8,"slug":"fail"}]},{"title":"Test","btn_text":"","use_recaptcha":false,"flash_message":"","slug":"test","redirect_path":"","system_code":null,"fields":[{"name":"","field_type":"check_box_","description":"sdsd","is_required":false,"settings":{"select_options":[],"text_area_rows":"","file_extensions":"","file_size_limit":"","html_description":"","radio_btn_options":[],"is_select_multiple":"0"},"queue_number":1,"slug":"field-69950334354500"},{"name":"","field_type":"text_field_","description":"","is_required":false,"settings":{"select_options":[],"text_area_rows":"","file_extensions":"","file_size_limit":"","html_description":"","radio_btn_options":[],"is_select_multiple":"0"},"queue_number":2,"slug":"field-69950334423240"},{"name":"","field_type":"text_field_","description":"","is_required":false,"settings":{"select_options":[],"text_area_rows":"","file_extensions":"","file_size_limit":"","html_description":"","radio_btn_options":[],"is_select_multiple":"0"},"queue_number":3,"slug":"field-69950334473100"}]},{"title":"Это должно восстановиться","btn_text":"Отправить","use_recaptcha":true,"flash_message":"Добавлено","slug":"eto-dolzhno-vosstanovitsya","redirect_path":"/car_base.html","system_code":null,"fields":[{"name":"ывавава","field_type":"select_","description":"фыфы","is_required":false,"settings":{"select_options":["ввава 1","вава 2","вавава 3"],"text_area_rows":"","file_extensions":"","file_size_limit":"","html_description":"","radio_btn_options":[],"is_select_multiple":"1"},"queue_number":1,"slug":"yvavava"},{"name":"фыфы","field_type":"radio_button_","description":"фыфы","is_required":false,"settings":{"select_options":[],"text_area_rows":"","file_extensions":"","file_size_limit":"","html_description":"","radio_btn_options":["фыфыфы 1","фыфы 2"],"is_select_multiple":"0"},"queue_number":1,"slug":"fyfy"},{"name":"Заголовок текстового поле","field_type":"text_field_","description":"короткий описание","is_required":true,"settings":{"select_options":[],"text_area_rows":"","file_extensions":"","file_size_limit":"","html_description":"","radio_btn_options":[],"is_select_multiple":"0"},"queue_number":1,"slug":"zagolovok-tekstovogo-pole"},{"name":"фыфыфыфы","field_type":"file_field_","description":"фыфыфы","is_required":false,"settings":{"select_options":[],"text_area_rows":"","file_extensions":"jpg","file_size_limit":"20","html_description":"","radio_btn_options":[],"is_select_multiple":"0"},"queue_number":1,"slug":"fyfyfyfy"},{"name":"Текст","field_type":"text_area_","description":"ыфыфы","is_required":true,"settings":{"select_options":[],"text_area_rows":"12","file_extensions":"","file_size_limit":"","html_description":"","radio_btn_options":[],"is_select_multiple":"0"},"queue_number":1,"slug":"teks"}]},{"title":"Запрос на проценку товара","btn_text":"Отправить","use_recaptcha":false,"flash_message":"Заявка отправлена","slug":"zapros-na-protsenku-tovara","redirect_path":"/","system_code":null,"fields":[{"name":"Название компании","field_type":"text_field_","description":"","is_required":false,"settings":{"select_options":[],"text_area_rows":"","file_extensions":"","file_size_limit":"","html_description":"","radio_btn_options":[],"is_select_multiple":"0"},"queue_number":1,"slug":"nazvanie-kompanii"},{"name":"Номер телефона","field_type":"text_field_","description":"","is_required":false,"settings":{"select_options":[],"text_area_rows":"","file_extensions":"","file_size_limit":"","html_description":"","radio_btn_options":[],"is_select_multiple":"0"},"queue_number":2,"slug":"nomer-telefona"},{"name":"E-mail","field_type":"text_field_","description":"","is_required":false,"settings":{"select_options":[],"text_area_rows":"","file_extensions":"","file_size_limit":"","html_description":"","radio_btn_options":[],"is_select_multiple":"0"},"queue_number":3,"slug":"e-mail"},{"name":"","field_type":"text_area_","description":"Ваш комментарий","is_required":false,"settings":{"select_options":[],"text_area_rows":"12","file_extensions":"","file_size_limit":"","html_description":"","radio_btn_options":[],"is_select_multiple":"0"},"queue_number":4,"slug":"field-120131440"},{"name":"Файл","field_type":"file_field_","description":"","is_required":false,"settings":{"select_options":[],"text_area_rows":"","file_extensions":"xls,xlsx,csv,zip,rar,7z","file_size_limit":"5","html_description":"","radio_btn_options":[],"is_select_multiple":"0"},"queue_number":5,"slug":"fail"},{"name":"Согласен на обработку персональных данных","field_type":"check_box_","description":"","is_required":false,"settings":{"select_options":[],"text_area_rows":"","file_extensions":"","file_size_limit":"","html_description":"","radio_btn_options":[],"is_select_multiple":"0"},"queue_number":6,"slug":"soglasen-na-obrabotku-personalnyh-dannyh"}]},{"title":"Стать поставщиком","btn_text":"Отправить заявку","use_recaptcha":false,"flash_message":"Мы свяжемся с вами после рассмотрения запроса","slug":"stat-postavschikom","redirect_path":"","system_code":null,"fields":[{"name":"Название компании","field_type":"text_field_","description":"","is_required":false,"settings":{"select_options":[],"text_area_rows":"","file_extensions":"","file_size_limit":"","html_description":"","radio_btn_options":[],"is_select_multiple":"0"},"queue_number":1,"slug":"nazvanie-kompanii"},{"name":"Номер телефона","field_type":"text_field_","description":"","is_required":false,"settings":{"select_options":[],"text_area_rows":"","file_extensions":"","file_size_limit":"","html_description":"","radio_btn_options":[],"is_select_multiple":"0"},"queue_number":2,"slug":"nomer-telefona"},{"name":"E-mail","field_type":"text_field_","description":"","is_required":false,"settings":{"select_options":[],"text_area_rows":"","file_extensions":"","file_size_limit":"","html_description":"","radio_btn_options":[],"is_select_multiple":"0"},"queue_number":3,"slug":"e-mail"},{"name":"Ваш комментарий","field_type":"text_area_","description":"","is_required":false,"settings":{"select_options":[],"text_area_rows":"4","file_extensions":"","file_size_limit":"","html_description":"","radio_btn_options":[],"is_select_multiple":"0"},"queue_number":4,"slug":"vash-kommentarii"},{"name":"Прикрепите файлы","field_type":"file_field_","description":"","is_required":false,"settings":{"select_options":[],"text_area_rows":"","file_extensions":"gif, jpeg, jpg, png, pdf, doc, txt","file_size_limit":"20","html_description":"","radio_btn_options":[],"is_select_multiple":"0"},"queue_number":5,"slug":"prikrepite-faily"},{"name":"Согласен на обработку персональных данных и принимаю условия","field_type":"check_box_","description":"","is_required":true,"settings":{"select_options":[],"text_area_rows":"","file_extensions":"","file_size_limit":"","html_description":"","radio_btn_options":[],"is_select_multiple":"0"},"queue_number":6,"slug":"soglasen-na-obrabotku-personalnyh-dannyh-i-prinimau-usloviya"}]},{"title":"Написать руководителю","btn_text":"Отправить заявку","use_recaptcha":false,"flash_message":"Мы свяжемся с вами после рассмотрения запроса","slug":"napisat-rukovoditelu","redirect_path":"","system_code":null,"fields":[{"name":"Название компании","field_type":"text_field_","description":"","is_required":false,"settings":{"select_options":[],"text_area_rows":"","file_extensions":"","file_size_limit":"","html_description":"","radio_btn_options":[],"is_select_multiple":"0"},"queue_number":1,"slug":"nazvanie-kompanii"},{"name":"Номер телефона","field_type":"text_field_","description":"","is_required":false,"settings":{"select_options":[],"text_area_rows":"","file_extensions":"","file_size_limit":"","html_description":"","radio_btn_options":[],"is_select_multiple":"0"},"queue_number":2,"slug":"nomer-telefona"},{"name":"E-mail","field_type":"text_field_","description":"","is_required":false,"settings":{"select_options":[],"text_area_rows":"","file_extensions":"","file_size_limit":"","html_description":"","radio_btn_options":[],"is_select_multiple":"0"},"queue_number":3,"slug":"e-mail"},{"name":"Ваш комментарий ","field_type":"text_area_","description":"","is_required":false,"settings":{"select_options":[],"text_area_rows":"5","file_extensions":"","file_size_limit":"","html_description":"","radio_btn_options":[],"is_select_multiple":"0"},"queue_number":4,"slug":"vash-kommentarii"},{"name":"Cогласен на обработку персональных данных и принимаю условия","field_type":"check_box_","description":"","is_required":true,"settings":{"select_options":[],"text_area_rows":"","file_extensions":"","file_size_limit":"","html_description":"","radio_btn_options":[],"is_select_multiple":"0"},"queue_number":5,"slug":"coglasen-na-obrabotku-personalnyh-dannyh-i-prinimau-usloviya"}]},{"title":"Подобрать масло для авто","btn_text":"","use_recaptcha":false,"flash_message":"","slug":"podobrat-maslo-dlya-avto","redirect_path":"","system_code":null,"fields":[{"name":"Бренд","field_type":"hidden_field_","description":"","is_required":true,"settings":{"custom_attr":"specifications","select_options":[],"text_area_rows":"3","file_extensions":"","file_size_limit":"","html_description":"","radio_btn_options":[],"is_select_multiple":"0","autofill_in_select_part":"brand"},"queue_number":1,"slug":"dannye-avtomobilya"},{"name":"Модель","field_type":"hidden_field_","description":"","is_required":false,"settings":{"select_options":[],"text_area_rows":"","file_extensions":"","file_size_limit":"","html_description":"","radio_btn_options":[],"is_select_multiple":"0","autofill_in_select_part":"model"},"queue_number":2,"slug":"model"},{"name":"Модификация","field_type":"hidden_field_","description":"","is_required":false,"settings":{"select_options":[],"text_area_rows":"","file_extensions":"","file_size_limit":"","html_description":"","radio_btn_options":[],"is_select_multiple":"0","autofill_in_select_part":"modification"},"queue_number":3,"slug":"modifikatsiya"},{"name":"Ваш телефон","field_type":"text_field_","description":"","is_required":false,"settings":{"select_options":[],"text_area_rows":"","file_extensions":"","file_size_limit":"","html_description":"","radio_btn_options":[],"is_select_multiple":"0","autofill_in_select_part":""},"queue_number":4,"slug":"vash-telefon"}]},{"title":"Нашли товар дешевле?","btn_text":"Хочу дешевле","use_recaptcha":false,"flash_message":"","slug":"nashli-tovar-deshevle","redirect_path":"","system_code":null,"fields":[{"name":"Товар","field_type":"text_field_","description":"","is_required":false,"settings":{"select_options":[],"text_area_rows":"","file_extensions":"","file_size_limit":"","html_description":"","radio_btn_options":[],"is_select_multiple":"0"},"queue_number":1,"slug":"tova"},{"name":"Контактный телефон или e-mail","field_type":"text_field_","description":"","is_required":true,"settings":{"select_options":[],"text_area_rows":"","file_extensions":"","file_size_limit":"","html_description":"","radio_btn_options":[],"is_select_multiple":"0"},"queue_number":2,"slug":"kontaktnyi-telefon-ili-e-mail"}]},{"title":"Задать вопрос о товаре","btn_text":"Задать вопрос","use_recaptcha":false,"flash_message":"","slug":"zadat-vopros-o-tovare","redirect_path":"","system_code":null,"fields":[{"name":"Товар","field_type":"text_field_","description":"","is_required":false,"settings":{"select_options":[],"text_area_rows":"","file_extensions":"","file_size_limit":"","html_description":"","radio_btn_options":[],"is_select_multiple":"0"},"queue_number":1,"slug":"tova"},{"name":"Контактный телефон или e-mail","field_type":"text_field_","description":"","is_required":true,"settings":{"select_options":[],"text_area_rows":"","file_extensions":"","file_size_limit":"","html_description":"","radio_btn_options":[],"is_select_multiple":"0"},"queue_number":2,"slug":"kontaktnyi-telefon-ili-e-mail"}]},{"title":"Запрос стоимости товара","btn_text":"Узнать стоимость","use_recaptcha":false,"flash_message":"","slug":"zapros-stoimosti-tovara","redirect_path":"","system_code":null,"fields":[{"name":"Наименование товара","field_type":"text_field_","description":"","is_required":false,"settings":{"select_options":[],"text_area_rows":"","file_extensions":"","file_size_limit":"","html_description":"","radio_btn_options":[],"is_select_multiple":"0"},"queue_number":1,"slug":"naimenovanie-tovara"},{"name":"Производитель и артикул товара","field_type":"text_field_","description":"","is_required":false,"settings":{"select_options":[],"text_area_rows":"","file_extensions":"","file_size_limit":"","html_description":"","radio_btn_options":[],"is_select_multiple":"0"},"queue_number":2,"slug":"proizvoditel-i-artikul-tovara"},{"name":"Контактный телефон или email для ответа","field_type":"text_field_","description":"","is_required":true,"settings":{"select_options":[],"text_area_rows":"","file_extensions":"","file_size_limit":"","html_description":"","radio_btn_options":[],"is_select_multiple":"0"},"queue_number":3,"slug":"kontaktnyi-telefon-ili-email-dlya-otveta"}]},{"title":"Просто форма","btn_text":"Отправить","use_recaptcha":false,"flash_message":"Ну круто )","slug":"prosto-forma","redirect_path":"/","system_code":null,"fields":[{"name":"Имя","field_type":"text_field_","description":"","is_required":false,"settings":{"select_options":[],"text_area_rows":"","file_extensions":"","file_size_limit":"","html_description":"","radio_btn_options":[],"is_select_multiple":"0","autofill_in_select_part":""},"queue_number":1,"slug":"imya"},{"name":"Марка","field_type":"text_field_","description":"","is_required":false,"settings":{"select_options":[],"text_area_rows":"","file_extensions":"","file_size_limit":"","html_description":"","radio_btn_options":[],"is_select_multiple":"0","autofill_in_select_part":"brand"},"queue_number":2,"slug":"marka"},{"name":"Модель","field_type":"text_field_","description":"","is_required":false,"settings":{"select_options":[],"text_area_rows":"","file_extensions":"","file_size_limit":"","html_description":"","radio_btn_options":[],"is_select_multiple":"0","autofill_in_select_part":"model"},"queue_number":3,"slug":"model"},{"name":"Модификация","field_type":"text_field_","description":"","is_required":false,"settings":{"select_options":[],"text_area_rows":"","file_extensions":"","file_size_limit":"","html_description":"","radio_btn_options":[],"is_select_multiple":"0","autofill_in_select_part":"modification"},"queue_number":4,"slug":"modifikatsiya"}]},{"title":"Подобрать масло для авто","btn_text":null,"use_recaptcha":null,"flash_message":null,"slug":"podobrat-maslo-dlya-avto-d1ff52c4-5d55-4d74-92a9-f3522c4e9e7c","redirect_path":null,"system_code":null,"fields":[{"name":"Данные автомобиля","field_type":"text_area_","description":null,"is_required":true,"settings":{"custom_attr":"specifications","text_area_rows":3},"queue_number":-10,"slug":"dannye-avtomobilya"}]},{"title":"Подобрать масло для авто","btn_text":null,"use_recaptcha":null,"flash_message":null,"slug":"podobrat-maslo-dlya-avto-62106256-fe2c-4086-bcf6-58d8e6e48156","redirect_path":null,"system_code":null,"fields":[{"name":"Данные автомобиля","field_type":"text_area_","description":null,"is_required":true,"settings":{"custom_attr":"specifications","text_area_rows":3},"queue_number":-10,"slug":"dannye-avtomobilya"}]},{"title":"Подобрать масло для авто","btn_text":"","use_recaptcha":false,"flash_message":"","slug":"podobrat-maslo-dlya-avto-1fc63a28-308f-42a5-8bd8-3b910fd121c4","redirect_path":"","system_code":null,"fields":[{"name":"Данные автомобиля","field_type":"text_area_","description":"","is_required":true,"settings":{"custom_attr":"","select_options":[],"text_area_rows":"3","file_extensions":"","file_size_limit":"","html_description":"","radio_btn_options":[],"is_select_multiple":"0","autofill_in_select_part":"default"},"queue_number":1,"slug":"dannye-avtomobilya"},{"name":"Бренд","field_type":"text_field_","description":"","is_required":false,"settings":{"select_options":[],"text_area_rows":"","file_extensions":"","file_size_limit":"","html_description":"","radio_btn_options":[],"is_select_multiple":"0","autofill_in_select_part":"brand"},"queue_number":2,"slug":"brend"},{"name":"Модель авто","field_type":"text_field_","description":"","is_required":false,"settings":{"select_options":[],"text_area_rows":"","file_extensions":"","file_size_limit":"","html_description":"","radio_btn_options":[],"is_select_multiple":"0","autofill_in_select_part":"model"},"queue_number":3,"slug":"model-avto"}]},{"title":"Подписаться","btn_text":"Подписаться","use_recaptcha":false,"flash_message":"Спасибо за подписку","slug":"podpisatsya","redirect_path":"","system_code":null,"fields":[{"name":"Email","field_type":"text_field_","description":"","is_required":true,"settings":{"select_options":[],"text_area_rows":"","file_extensions":"","file_size_limit":"","html_description":"","radio_btn_options":[],"is_select_multiple":"0"},"queue_number":1,"slug":"email"},{"name":"Согласие","field_type":"check_box_","description":"","is_required":true,"settings":{"select_options":[],"text_area_rows":"","file_extensions":"","file_size_limit":"","html_description":"","radio_btn_options":[],"is_select_multiple":"0"},"queue_number":2,"slug":"soglasie"}]},{"title":"Обратный звонок","btn_text":"Отправить","use_recaptcha":false,"flash_message":"Ваше сообщение успешно отправлено!","slug":"obratnyi-zvonok","redirect_path":"","system_code":null,"fields":[{"name":"Как Вас зовут","field_type":"text_field_","description":"","is_required":true,"settings":{"select_options":[],"text_area_rows":"","file_extensions":"","file_size_limit":"","html_description":"","radio_btn_options":[],"is_select_multiple":"0"},"queue_number":1,"slug":"kak-vas-zovu"},{"name":"Телефон для связи","field_type":"text_field_","description":"","is_required":true,"settings":{"select_options":[],"text_area_rows":"","file_extensions":"","file_size_limit":"","html_description":"","radio_btn_options":[],"is_select_multiple":"0"},"queue_number":2,"slug":"telefon-dlya-svyazi"},{"name":"Комментарий","field_type":"text_field_","description":"","is_required":false,"settings":{"select_options":[],"text_area_rows":"","file_extensions":"","file_size_limit":"","html_description":"","radio_btn_options":[],"is_select_multiple":"0"},"queue_number":3,"slug":"kommentarii"}]},{"title":"Запись на сервис","btn_text":"Отправить","use_recaptcha":false,"flash_message":"Спасибо! Ваша заявка отправлена. В ближайшее время менеджер свяжется с Вами.","slug":"zapis-na-servis","redirect_path":"","system_code":null,"fields":[{"name":"Автомобиль","field_type":"text_field_","description":"","is_required":true,"settings":{"select_options":[],"text_area_rows":"","file_extensions":"","file_size_limit":"","html_description":"","radio_btn_options":[],"is_select_multiple":"0"},"queue_number":1,"slug":"avtomobil"},{"name":"Как Вас зовут","field_type":"text_field_","description":"","is_required":true,"settings":{"select_options":[],"text_area_rows":"","file_extensions":"","file_size_limit":"","html_description":"","radio_btn_options":[],"is_select_multiple":"0"},"queue_number":2,"slug":"kak-vas-zovu"},{"name":"Телефон","field_type":"text_field_","description":"","is_required":true,"settings":{"select_options":[],"text_area_rows":"","file_extensions":"","file_size_limit":"","html_description":"","radio_btn_options":[],"is_select_multiple":"0"},"queue_number":3,"slug":"telefon"},{"name":"Укажите удобное время для записи","field_type":"datetime_select_","description":"","is_required":true,"settings":{"select_options":[],"text_area_rows":"","file_extensions":"","file_size_limit":"","html_description":"","radio_btn_options":[],"is_select_multiple":"0"},"queue_number":4,"slug":"ukazhite-udobnoe-vremya-dlya-zapisi"},{"name":"Комментарий","field_type":"text_area_","description":"","is_required":false,"settings":{"select_options":[],"text_area_rows":"5","file_extensions":"","file_size_limit":"","html_description":"","radio_btn_options":[],"is_select_multiple":"0"},"queue_number":5,"slug":"kommentarii"}]},{"title":"VIN Запрос","btn_text":"Отправить","use_recaptcha":true,"flash_message":"Спасибо за обращение. Ваш Запрос будет обработан в рабочее время","slug":"vin-zapros","redirect_path":"https://42zap.ru/","system_code":null,"fields":[{"name":"VIN/FRAME","field_type":"text_field_","description":"","is_required":true,"settings":{"select_options":[],"text_area_rows":"","file_extensions":"","file_size_limit":"","html_description":"","radio_btn_options":[],"is_select_multiple":"0"},"queue_number":1,"slug":"vinframe"},{"name":"Марка/Модель","field_type":"text_field_","description":"Пример: TOYOTA RAV4","is_required":true,"settings":{"select_options":[],"text_area_rows":"","file_extensions":"","file_size_limit":"","html_description":"","radio_btn_options":[],"is_select_multiple":"0"},"queue_number":2,"slug":"markamodel"},{"name":"Email ","field_type":"text_field_","description":"","is_required":true,"settings":{"select_options":["Email","Звонок менеджера"],"text_area_rows":"","file_extensions":"","file_size_limit":"","html_description":"","radio_btn_options":[],"is_select_multiple":"0"},"queue_number":3,"slug":"email"},{"name":"Список требуемых запчастей через запятую","field_type":"text_field_","description":"","is_required":true,"settings":{"select_options":[],"text_area_rows":"","file_extensions":"","file_size_limit":"","html_description":"","radio_btn_options":[],"is_select_multiple":"0"},"queue_number":4,"slug":"spisok-trebuemyh-zapchastei-cherez-zapyatuu"}]},{"title":"Заявка менеджеру","btn_text":"Отправить","use_recaptcha":false,"flash_message":"Заявка отправлена, спасибо!","slug":"zayavka-menedzheru","redirect_path":"t-voz.ru","system_code":null,"fields":[{"name":"","field_type":"text_field_","description":"","is_required":false,"settings":{"select_options":[],"text_area_rows":"","file_extensions":"","file_size_limit":"","html_description":"","radio_btn_options":[],"is_select_multiple":"0"},"queue_number":1,"slug":"field-47458330514040"}]},{"title":"Запрос на запчасти. Скидка 10% от розничной цены.","btn_text":"Отправить запрос и получить скидку 10%!","use_recaptcha":false,"flash_message":"Ваш запрос успешно отправлен!","slug":"zapros-na-zapchasti-skidka-10-ot-roznichnoi-tseny","redirect_path":"https://mrgarage.ru/o-kompanii/kontakty.html","system_code":null,"fields":[{"name":"Как к Вам обращаться?","field_type":"text_field_","description":"","is_required":false,"settings":{"select_options":[],"text_area_rows":"","file_extensions":"","file_size_limit":"","html_description":"","radio_btn_options":[],"is_select_multiple":"0"},"queue_number":1,"slug":"kak-k-vam-obraschatsya"},{"name":"Контактный телефон","field_type":"text_field_","description":"","is_required":false,"settings":{"select_options":[],"text_area_rows":"","file_extensions":"","file_size_limit":"","html_description":"","radio_btn_options":[],"is_select_multiple":"0"},"queue_number":2,"slug":"kontaktnyi-telefon"},{"name":"Какой автомобиль?","field_type":"text_field_","description":"Укажите марку, модель и год выпуска автомобиля. Если есть VIN автомобиля, то укажите его в поле ниже.","is_required":false,"settings":{"select_options":[],"text_area_rows":"","file_extensions":"","file_size_limit":"","html_description":"","radio_btn_options":[],"is_select_multiple":"0"},"queue_number":3,"slug":"kakoi-avtomobil"},{"name":"VIN-номер автомобиля","field_type":"text_field_","description":"Желательно указать VIN-номер автомобиля для точного подбора автозапчастей","is_required":false,"settings":{"select_options":[],"text_area_rows":"","file_extensions":"","file_size_limit":"","html_description":"","radio_btn_options":[],"is_select_multiple":"0"},"queue_number":4,"slug":"vin-nomer-avtomobilya"},{"name":"Какие запчасти и/или масла требуются?","field_type":"text_field_","description":"","is_required":false,"settings":{"select_options":[],"text_area_rows":"","file_extensions":"","file_size_limit":"","html_description":"","radio_btn_options":[],"is_select_multiple":"0"},"queue_number":5,"slug":"kakie-zapchasti-iili-masla-trebuutsya"}]},{"title":"Форма обратной связи","btn_text":"Отправить","use_recaptcha":false,"flash_message":"","slug":"forma-obratnoi-svyazi","redirect_path":"","system_code":null,"fields":[{"name":"Ваше имя","field_type":"text_field_","description":"","is_required":true,"settings":{"select_options":[],"text_area_rows":"","file_extensions":"","file_size_limit":"","html_description":"","radio_btn_options":[],"is_select_multiple":"0"},"queue_number":1,"slug":"vashe-imya"},{"name":"Телефон","field_type":"text_field_","description":"","is_required":true,"settings":{"select_options":[],"text_area_rows":"","file_extensions":"","file_size_limit":"","html_description":"","radio_btn_options":[],"is_select_multiple":"0"},"queue_number":2,"slug":"telefon"},{"name":"Ваше вопрос","field_type":"text_area_","description":"","is_required":true,"settings":{"select_options":[],"text_area_rows":"5","file_extensions":"","file_size_limit":"","html_description":"","radio_btn_options":[],"is_select_multiple":"0"},"queue_number":3,"slug":"vashe-vopros"}]}]
