[{"name":"О компании","slug":"o-kompanii","body":"","seo_h1":"","meta_title":"","meta_description":"","meta_keywords":"","seo_text":"","custom_url":null,"custom_category_template":null,"custom_page_template":null,"per_page":null,"show_search_form":null},{"name":"Условия","slug":"usloviya","body":"","seo_h1":"","meta_title":"","meta_description":"","meta_keywords":"","seo_text":"","custom_url":null,"custom_category_template":null,"custom_page_template":null,"per_page":null,"show_search_form":null},{"name":"Клиентам","slug":"polzovatelyam","body":"","seo_h1":null,"meta_title":null,"meta_description":null,"meta_keywords":null,"seo_text":null,"custom_url":null,"custom_category_template":null,"custom_page_template":null,"per_page":null,"show_search_form":null},{"name":"Каталоги","slug":"katalogi","body":"","seo_h1":null,"meta_title":null,"meta_description":null,"meta_keywords":null,"seo_text":null,"custom_url":null,"custom_category_template":null,"custom_page_template":null,"per_page":null,"show_search_form":null},{"name":"Контакты","slug":"kontakty","body":"","seo_h1":"","meta_title":"","meta_description":"","meta_keywords":"","seo_text":"","custom_url":"","custom_category_template":"","custom_page_template":"","per_page":"","show_search_form":"0"},{"name":"Информационная","slug":"informatsionnaya","body":"","seo_h1":null,"meta_title":null,"meta_description":null,"meta_keywords":null,"seo_text":null,"custom_url":null,"custom_category_template":null,"custom_page_template":null,"per_page":null,"show_search_form":null},{"name":"Преимущества","slug":"preimuschestva","body":"","seo_h1":null,"meta_title":null,"meta_description":null,"meta_keywords":null,"seo_text":null,"custom_url":null,"custom_category_template":null,"custom_page_template":null,"per_page":null,"show_search_form":null},{"name":"VIN запрос","slug":"vin-zapros","body":"","seo_h1":null,"meta_title":null,"meta_description":null,"meta_keywords":null,"seo_text":null,"custom_url":null,"custom_category_template":null,"custom_page_template":null,"per_page":null,"show_search_form":null}]
