[{"title":"Контакты","slug":"kontakty","page_category_slug":"kontakty","body":"\u003cdiv class=\"cl clear\"\u003e\u003cspan style=\"font-size:18px;\"\u003e\u003cvar\u003e\u003cstrong\u003e\u003cfont face=\"Montserrat, sans-serif\"\u003eМы находимся по адресу: \u003c/font\u003e\u003c/strong\u003e\u003cspan dir=\"rtl\"\u003eНагорная улица, 11А, посёлок Битца, Ленинский городской округ, Московская область, 142718\u003c/span\u003e\u003c/var\u003e\u003c/span\u003e\u003c/div\u003e\r\n\r\n\u003cdiv class=\"cl clear\"\u003e\u003cspan style=\"font-size: 18px;\"\u003e\u003ci\u003eАГМ \"ТРАКТ\", второй этаж напарво до конца, павильон 2-10. \u003c/i\u003e\u003c/span\u003e\u003c/div\u003e\r\n\r\n\u003cdiv class=\"cl clear\"\u003e\u003cspan style=\"font-size:18px;\"\u003e\u003cvar\u003e\u003cspan dir=\"rtl\"\u003eНомер телефона: \u003ca href=\"tel:+79165166677\"\u003e+7 (916) 516-66-77\u003c/a\u003e (нажмите на номер телефона для звонка)\u003c/span\u003e\u003c/var\u003e\u003c/span\u003e\u003c/div\u003e\r\n\r\n\u003cdiv class=\"cl clear\"\u003e\u003cspan style=\"font-size: 18px;\"\u003e\u003ci\u003e\u003cimg alt=\"\" src=\"/ckeditor_assets/pictures/3/content_whatsapp_%281%29.png\" style=\"width: 20px; height: 20px;\" /\u003e WhatsApp: \u003ca href=\"https://wa.me/79165166677\" target=\"_blank\"\u003e+7 (916) 516-66-77\u003c/a\u003e \u003c/i\u003e\u003c/span\u003e\u003cspan style=\"font-size: 18px; font-style: italic;\"\u003e(нажмите на номер телефона что бы написать нам)\u003c/span\u003e\u003c/div\u003e\r\n\r\n\u003cdiv class=\"cl clear\"\u003e\u003cspan style=\"font-size: 18px;\"\u003e\u003ci\u003e\u003cimg alt=\"\" src=\"/ckeditor_assets/pictures/4/content_YandexNavigatorLogo.svg.png\" style=\"width: 20px; height: 20px;\" /\u003e \u003ca href=\"https://yandex.ru/maps/-/CHqKBWO5\" target=\"_blank\"\u003e\u003cspan style=\"background-color:#ffff99;\"\u003eЯндекс.Навигатор - нажмите для прокладки маршрута\u003c/span\u003e\u003c/a\u003e\u003c/i\u003e\u003c/span\u003e\u003c/div\u003e\r\n\r\n\u003cdiv class=\"cl clear\"\u003e\u003cspan style=\"font-size: 18px; font-style: italic;\"\u003eВнешняя сторона МКАД, съезд в карман, после повернуть направо и по правую руку расположен АГМ \"ТРАКТ\"\u003c/span\u003e\u003c/div\u003e\r\n\u003cscript type=\"text/javascript\" charset=\"utf-8\" async src=\"https://api-maps.yandex.ru/services/constructor/1.0/js/?um=constructor%3A8f25e6606fbc6e8b0eeac36c0685b5d332cae7e67e05ec12d6759d3117b698eb\u0026amp;width=100%25\u0026amp;height=450\u0026amp;lang=ru_RU\u0026amp;scroll=true\"\u003e\u003c/script\u003e","sub_url":"","custom_url":"/contacts","description":"","system_id":"contact","seo_h1":"","meta_title":"","meta_description":"","meta_keywords":"","seo_text":"","options_1":"","options_2":"","options_3":"","options_4":"","sub_category":""},{"title":"Возврат","slug":"vozvrat","page_category_slug":"usloviya","body":"\u003cp style=\"margin: 0px; padding: 0px 0px 20px; color: rgb(0, 0, 0); font-family: \u0026quot;Open Sans\u0026quot;, sans-serif; font-size: 12px;\"\u003e\u003cstrong style=\"margin: 0px; padding: 0px;\"\u003eДля вашего удобства мы пользуемся различными системами оплаты заказов:\u003c/strong\u003e\u003c/p\u003e\r\n\r\n\u003cp style=\"margin: 0px; padding: 0px 0px 20px; color: rgb(0, 0, 0); font-family: \u0026quot;Open Sans\u0026quot;, sans-serif; font-size: 12px;\"\u003e1. Оплата наличными при получении заказа на складе или водителю-экспедитору.\u003c/p\u003e\r\n\r\n\u003cp style=\"margin: 0px; padding: 0px 0px 20px; color: rgb(0, 0, 0); font-family: \u0026quot;Open Sans\u0026quot;, sans-serif; font-size: 12px;\"\u003e2. Оплата счета через банк или банковскую карту.\u003c/p\u003e\r\n\r\n\u003cp style=\"margin: 0px; padding: 0px 0px 20px; color: rgb(0, 0, 0); font-family: \u0026quot;Open Sans\u0026quot;, sans-serif; font-size: 12px;\"\u003e3. Оплата через платежные терминалы.\u003c/p\u003e\r\n\r\n\u003cp style=\"margin: 0px; padding: 0px 0px 20px; color: rgb(0, 0, 0); font-family: \u0026quot;Open Sans\u0026quot;, sans-serif; font-size: 12px;\"\u003e4. Оплата электронными деньгами\u003c/p\u003e\r\n\r\n\u003cp style=\"margin: 0px; padding: 0px 0px 20px; color: rgb(0, 0, 0); font-family: \u0026quot;Open Sans\u0026quot;, sans-serif; font-size: 12px;\"\u003e\u003cimg alt=\"\" src=\"http://system-template-21.demo.parts-soft.ru/ckeditor_assets/pictures/29/content_accepted-payments.jpg\" style=\"margin: 0px; padding: 0px; border: none; vertical-align: top; height: 180px; width: 581px;\" /\u003e\u003c/p\u003e\r\n\r\n\u003cp style=\"margin: 0px; padding: 0px 0px 20px; color: rgb(0, 0, 0); font-family: \u0026quot;Open Sans\u0026quot;, sans-serif; font-size: 12px;\"\u003e\u003cstrong style=\"margin: 0px; padding: 0px;\"\u003eДоставка заказа осуществляеся любым удобным вам способом:\u003c/strong\u003e\u003c/p\u003e\r\n\r\n\u003cp style=\"margin: 0px; padding: 0px 0px 20px; color: rgb(0, 0, 0); font-family: \u0026quot;Open Sans\u0026quot;, sans-serif; font-size: 12px;\"\u003e1. До квартиры или офиса с 09.00 до21.00 без выходных - для Москвы т Московской области.\u003c/p\u003e\r\n\r\n\u003cp style=\"margin: 0px; padding: 0px 0px 20px; color: rgb(0, 0, 0); font-family: \u0026quot;Open Sans\u0026quot;, sans-serif; font-size: 12px;\"\u003e2. Почтой России - доставка в регионы, от 7 до 30 дней.\u003c/p\u003e\r\n\r\n\u003cp style=\"margin: 0px; padding: 0px 0px 20px; color: rgb(0, 0, 0); font-family: \u0026quot;Open Sans\u0026quot;, sans-serif; font-size: 12px;\"\u003e3. Самовывоз возможен с нашего склада в Москве ежедневно с 09.00 до 21.00 без выходных и перерыва.\u003c/p\u003e\r\n","sub_url":"","custom_url":"/delivery","description":"\u003cp style=\"margin: 0px; padding: 0px 0px 20px; color: rgb(0, 0, 0); font-family: \u0026quot;Open Sans\u0026quot;, sans-serif; font-size: 12px;\"\u003e\u003cstrong style=\"margin: 0px; padding: 0px;\"\u003eДля вашего удобства мы пользуемся различными системами оплаты заказов:\u003c/strong\u003e\u003c/p\u003e\r\n\r\n\u003cp style=\"margin: 0px; padding: 0px 0px 20px; color: rgb(0, 0, 0); font-family: \u0026quot;Open Sans\u0026quot;, sans-serif; font-size: 12px;\"\u003e1. Оплата наличными при получении заказа на складе или водителю-экспедитору.\u003c/p\u003e\r\n\r\n\u003cp style=\"margin: 0px; padding: 0px 0px 20px; color: rgb(0, 0, 0); font-family: \u0026quot;Open Sans\u0026quot;, sans-serif; font-size: 12px;\"\u003e2. Оплата счета через банк или банковскую карту.\u003c/p\u003e\r\n\r\n\u003cp style=\"margin: 0px; padding: 0px 0px 20px; color: rgb(0, 0, 0); font-family: \u0026quot;Open Sans\u0026quot;, sans-serif; font-size: 12px;\"\u003e3. Оплата через платежные терминалы.\u003c/p\u003e\r\n\r\n\u003cp style=\"margin: 0px; padding: 0px 0px 20px; color: rgb(0, 0, 0); font-family: \u0026quot;Open Sans\u0026quot;, sans-serif; font-size: 12px;\"\u003e4. Оплата электронными деньгами\u003c/p\u003e\r\n\r\n\u003cp style=\"margin: 0px; padding: 0px 0px 20px; color: rgb(0, 0, 0); font-family: \u0026quot;Open Sans\u0026quot;, sans-serif; font-size: 12px;\"\u003e\u003cimg alt=\"\" src=\"http://system-template-21.demo.parts-soft.ru/ckeditor_assets/pictures/29/content_accepted-payments.jpg\" style=\"margin: 0px; padding: 0px; border: none; vertical-align: top; height: 180px; width: 581px;\" /\u003e\u003c/p\u003e\r\n\r\n\u003cp style=\"margin: 0px; padding: 0px 0px 20px; color: rgb(0, 0, 0); font-family: \u0026quot;Open Sans\u0026quot;, sans-serif; font-size: 12px;\"\u003e\u0026nbsp;\u003c/p\u003e\r\n\r\n\u003cp style=\"margin: 0px; padding: 0px 0px 20px; color: rgb(0, 0, 0); font-family: \u0026quot;Open Sans\u0026quot;, sans-serif; font-size: 12px;\"\u003e\u003cstrong style=\"margin: 0px; padding: 0px;\"\u003eДоставка заказа осуществляеся любым удобным вам способом:\u003c/strong\u003e\u003c/p\u003e\r\n\r\n\u003cp style=\"margin: 0px; padding: 0px 0px 20px; color: rgb(0, 0, 0); font-family: \u0026quot;Open Sans\u0026quot;, sans-serif; font-size: 12px;\"\u003e1. До квартиры или офиса с 09.00 до21.00 без выходных - для Москвы т Московской области.\u003c/p\u003e\r\n\r\n\u003cp style=\"margin: 0px; padding: 0px 0px 20px; color: rgb(0, 0, 0); font-family: \u0026quot;Open Sans\u0026quot;, sans-serif; font-size: 12px;\"\u003e2. Почтой России - доставка в регионы, от 7 до 30 дней.\u003c/p\u003e\r\n\r\n\u003cp style=\"margin: 0px; padding: 0px 0px 20px; color: rgb(0, 0, 0); font-family: \u0026quot;Open Sans\u0026quot;, sans-serif; font-size: 12px;\"\u003e3. Самовывоз возможен с нашего склада в Москве ежедневно с 09.00 до 21.00 без выходных и перерыва.\u003c/p\u003e\r\n","system_id":"","seo_h1":"322323","meta_title":"2323","meta_description":"2323","meta_keywords":"232323232323","seo_text":"\u003cp\u003eвывывы\u003c/p\u003e\r\n","options_1":null,"options_2":null,"options_3":null,"options_4":null,"sub_category":null},{"title":"Главная","slug":"glavnaya","page_category_slug":"informatsionnaya","body":"","sub_url":"/","custom_url":"","description":"","system_id":"","seo_h1":"","meta_title":"","meta_description":"","meta_keywords":"","seo_text":"","options_1":"","options_2":"","options_3":"","options_4":"","sub_category":""},{"title":"Сотрудничество","slug":"sotrudnichestvo","page_category_slug":"o-kompanii","body":"\u003cp\u003eУважаемые предприниматели и владельцы автопарков,\u003c/p\u003e\r\n\r\n\u003cp\u003eВ современном мире грузоперевозок надежность и эффективность вашего автопарка становятся ключевыми элементами успеха. Компания \"Миллениум Партс\" готова стать вашим долгосрочным партнёром, обеспечивая стабильные поставки высококачественных \u003ca href=\"http://truckm.ru\" title=\"Грузовые запчасти\"\u003eзапастей для грузовых\u003c/a\u003e и легковых автомобилей.\u003c/p\u003e\r\n\r\n\u003cp\u003e\u003cimg alt=\"Сотрудничество на поставку запчастей\" longdesc=\"Сотрудничество на поставку автомобильных запчастей \u0026quot;Миллениум Партс\u0026quot;\" src=\"/ckeditor_assets/pictures/11/content_sotrudnichestvo.jpg\" style=\"width: 650px; height: 433px;\" /\u003e\u003c/p\u003e\r\n\r\n\u003cp\u003e\u003cstrong\u003e1. Профессионализм и Экспертность в Автозапчастях\u003c/strong\u003e\u003c/p\u003e\r\n\r\n\u003cp\u003e\"Миллениум Партс\" - это не просто компания, это команда профессионалов, имеющих глубокие знания в области автозапчастей. Наш опыт позволяет нам точно определить потребности вашего автопарка и предложить оптимальные решения.\u003c/p\u003e\r\n\r\n\u003cp\u003e\u003cstrong\u003e2. Широкий Ассортимент для Грузовых и Легковых Автомобилей\u003c/strong\u003e\u003c/p\u003e\r\n\r\n\u003cp\u003eМы понимаем, что каждый автопарк уникален. Наш широкий ассортимент включает в себя запчасти для грузовых и легковых автомобилей различных марок и моделей. Независимо от того, какие автомобили составляют ваш парк, \"Миллениум Партс\" готов предложить вам подходящие запчасти.\u003c/p\u003e\r\n\r\n\u003cp\u003e\u003cstrong\u003e3. Гибкая Система Ценообразования и Быстрая Доставка\u003c/strong\u003e\u003c/p\u003e\r\n\r\n\u003cp\u003eМы предлагаем конкурентоспособные цены на наши автозапчасти и обеспечиваем гибкую систему скидок для постоянных клиентов. \"Миллениум Партс\" также готова взять на себя доставку заказанных запчастей прямо к вам, что позволяет вам сосредоточиться на своем бизнесе.\u003c/p\u003e\r\n\r\n\u003cp\u003e\u003cstrong\u003e4. Простой Путь к Сотрудничеству\u003c/strong\u003e\u003c/p\u003e\r\n\r\n\u003cp\u003eДля того чтобы начать взаимовыгодное сотрудничество с \"Миллениум Партс\", просто отправьте заявку на наш адрес электронной почты partner@truckm.ru. Наша команда оперативно реагирует на все запросы, предоставляя подробную информацию и персонализированные предложения.\u003c/p\u003e\r\n\r\n\u003cp\u003e\u003cstrong\u003e5. Надежность и Качество — Наши Главные Ценности\u003c/strong\u003e\u003c/p\u003e\r\n\r\n\u003cp\u003e\"Миллениум Партс\" стремится к тому, чтобы каждый клиент получил не только необходимые запчасти, но и высокий уровень сервиса. Наша цель - сделать ваш автопарк более эффективным и надежным.\u003c/p\u003e\r\n\r\n\u003cp\u003eНе откладывайте заявку на сотрудничество! \"Миллениум Партс\" - ваш надёжный партнер в мире грузовых запчастей. Позвольте нам стать ключом к успеху вашего бизнеса.\u003c/p\u003e\r\n\r\n\u003cp\u003eС уважением, \"Миллениум Партс\"\u003c/p\u003e\r\n","sub_url":"","custom_url":"/sotrudnichestvo.html","description":"","system_id":"","seo_h1":"Сотрудничесто","meta_title":"Сотрудничество на поставку запчастей","meta_description":"Предлагаем взаимовыгодные условия для сотрудничества на поставку автомобильных запчастей.","meta_keywords":"","seo_text":"","options_1":"","options_2":"","options_3":"","options_4":"","sub_category":""},{"title":"Доставка","slug":"dostavka-zapchastey","page_category_slug":"polzovatelyam","body":"\u003cp\u003eВ современном мире, где автомобили играют важную роль в повседневной жизни, быстрый доступ к качественным автомобильным запчастям становится ключевым моментом для владельцев транспортных средств. Магазин \"Миллениум Партс\" в полной мере осознает важность своей миссии - обеспечить клиентов надежными и профессиональными запчастями, сопровождаемыми эффективной системой доставки.\u003c/p\u003e\r\n\r\n\u003cp\u003e\u003cimg alt=\"Доставка запчастей\" longdesc=\"Доставка запчастей во все регионы России и страны СНГ\" src=\"/ckeditor_assets/pictures/10/content_dostavka-zapchastey.jpg\" style=\"width: 650px; height: 318px;\" /\u003e\u003c/p\u003e\r\n\r\n\u003ch2\u003eВыбор транспортных компаний: Надежность на первом месте\u003c/h2\u003e\r\n\r\n\u003cp\u003e\"Миллениум Партс\" сотрудничает с ведущими транспортными компаниями, обеспечивая клиентам максимальное удобство и быстроту доставки. Среди наших партнеров:\u003c/p\u003e\r\n\r\n\u003ch3\u003e\u003cbr /\u003e\r\n\u003cstrong\u003eCDEK:\u003c/strong\u003e Известная компания, специализирующаяся на экспресс-доставке, обеспечивает быстрый и надежный транспорт запчастей до двери клиента.\u003cbr /\u003e\r\n\u003cstrong\u003eДеловые Линии:\u003c/strong\u003e Лидер в сфере грузоперевозок, гарантирует профессиональный уровень обслуживания и точную доставку.\u003cbr /\u003e\r\n\u003cstrong\u003eПЭК:\u003c/strong\u003e Сеть перевозчиков, ориентированная на высокий уровень сервиса и оперативность в доставке.\u003cbr /\u003e\r\n\u003cstrong\u003eDPD:\u003c/strong\u003e Мировой логистический гигант, обеспечивающий быструю международную доставку с высоким стандартом обслуживания.\u003c/h3\u003e\r\n\r\n\u003ch2\u003e\u003cbr /\u003e\r\nРасширенная география доставки: Куда мы доставляем\u003cbr /\u003e\r\n \u003c/h2\u003e\r\n\r\n\u003cp\u003e\"Миллениум Партс\" гордится своей способностью доставлять автомобильные запчасти в любой уголок Российской Федерации. Наша компания также активно работает с странами СНГ, предоставляя услуги по доставке в:\u003c/p\u003e\r\n\r\n\u003ch3\u003e\u003cstrong\u003eТаджикистан:\u003c/strong\u003e Обеспечиваем клиентов качественными запчастями и оперативной доставкой в этот прекрасный регион.\u003cbr /\u003e\r\n\u003cstrong\u003eКиргизия:\u003c/strong\u003e Наш сервис позволяет владельцам автомобилей в Киргизии легко получать необходимые детали.\u003cbr /\u003e\r\n\u003cstrong\u003eКазахстан:\u003c/strong\u003e \"Миллениум Партс\" гарантирует надежность и оперативность в доставке в Казахстан.\u003cbr /\u003e\r\n\u003cstrong\u003eУзбекистан:\u003c/strong\u003e Мы обеспечиваем стабильную поставку запчастей в Узбекистан, где каждая деталь имеет значение.\u003cbr /\u003e\r\n\u003cstrong\u003eТурция:\u003c/strong\u003e Наша международная доставка также охватывает Турцию, предоставляя клиентам качественные автомобильные запчасти в кратчайшие сроки.\u003c/h3\u003e\r\n\r\n\u003cp\u003e\u003cbr /\u003e\r\nВыбирая \"Миллениум Партс\", вы получаете не только высококачественные автомобильные запчасти, но и уверенность в том, что они быстро и надежно дойдут до вас, независимо от вашего местоположения. Наше постоянное стремление к улучшению процесса доставки и предоставление широкого выбора транспортных компаний делает нас надежным партнером для вас и вашего автомобиля.\u003c/p\u003e\r\n","sub_url":"","custom_url":"/dostavka-zapchastey.html","description":"\u003cp\u003eМагазин грузовых зачастей \"Миллениум Партс\" осуществляют доставку автомобильных запчастей во все регионы России и стран СНГ.\u003c/p\u003e\r\n","system_id":"","seo_h1":"Доставка запчастей","meta_title":"Доставка запчастей во все регионы России и страны СНГ","meta_description":"Осуществляем доставку автомобильных запчастей клиентам по все регионы России и стран СНГ","meta_keywords":"доставка запчастей, купить запчасти с доставкой, доставка запчастей для иномарок","seo_text":"","options_1":"","options_2":"","options_3":"","options_4":"","sub_category":""},{"title":"Договор поставки","slug":"dogovor-postavki","page_category_slug":"polzovatelyam","body":"\u003cp\u003e\r\n\u003cstyle type=\"text/css\"\u003e@page { margin: 2cm }\r\n\t\tp { margin-bottom: 0.25cm; direction: ltr; color: #000000; line-height: 120%; widows: 2; orphans: 2 }\r\n\t\tp.western { font-family: \"Calibri\", sans-serif; font-size: 11pt; so-language: ru-RU }\r\n\t\tp.cjk { font-family: \"Times New Roman\", serif; font-size: 11pt }\r\n\t\tp.ctl { font-family: \"Calibri\", sans-serif; font-size: 11pt; so-language: ar-SA }\r\n\t\ta:link { color: #0000ff }\r\n\u003c/style\u003e\r\n\u003c/p\u003e\r\n\r\n\u003col\u003e\r\n\t\u003cli\u003e\r\n\t\u003col\u003e\r\n\t\t\u003cli\u003e\r\n\t\t\u003cp align=\"justify\" class=\"western\" style=\"margin-bottom: 0cm; line-height: 100%; widows: 0; orphans: 0\"\u003e\u003cfont face=\"Arial, sans-serif\"\u003eПоставщик обязуется передавать в собственность Покупателю запасные части, номерные агрегаты и аксессуары для автомобилей, именуемые в дальнейшем Товар, согласно заявкам Покупателя.\u003c/font\u003e\u003c/p\u003e\r\n\t\t\u003c/li\u003e\r\n\t\t\u003cli\u003e\r\n\t\t\u003cp align=\"justify\" class=\"western\" style=\"margin-bottom: 0cm; line-height: 100%; widows: 0; orphans: 0\"\u003e\u003cfont face=\"Arial, sans-serif\"\u003eПокупатель обязуется принимать и оплачивать Товар по ценам, указанным в счетах Поставщика, в сроки, оговоренные в Договоре.\u003c/font\u003e\u003c/p\u003e\r\n\t\t\u003c/li\u003e\r\n\t\t\u003cli\u003e\r\n\t\t\u003cp align=\"justify\" class=\"western\" style=\"margin-bottom: 0cm; line-height: 100%; widows: 0; orphans: 0\"\u003e\u003cfont face=\"Arial, sans-serif\"\u003eПоставщик гарантирует, что поставляемый Товар является его собственностью, не заложен, не находится под арестом, не является предметом иска третьих лиц.\u003c/font\u003e\u003c/p\u003e\r\n\t\t\u003c/li\u003e\r\n\t\u003c/ol\u003e\r\n\t\u003c/li\u003e\r\n\u003c/ol\u003e\r\n\r\n\u003cp align=\"justify\" class=\"western\" style=\"text-indent: 1.25cm; margin-bottom: 0.35cm; line-height: 115%; widows: 0; orphans: 0\"\u003e\u003cbr /\u003e\r\n\u0026nbsp;\u003c/p\u003e\r\n\r\n\u003col start=\"2\"\u003e\r\n\t\u003cli\u003e\r\n\t\u003cp align=\"center\" class=\"western\" style=\"margin-bottom: 0cm; line-height: 100%; widows: 0; orphans: 0\"\u003e\u003cfont face=\"Arial, sans-serif\"\u003e\u003cb\u003eПОРЯДОК ПОСТАВКИ\u003c/b\u003e\u003c/font\u003e\u003c/p\u003e\r\n\t\u003c/li\u003e\r\n\u003c/ol\u003e\r\n\r\n\u003cp align=\"justify\" class=\"western\" style=\"text-indent: 1.27cm; margin-bottom: 0.35cm; line-height: 115%; widows: 0; orphans: 0\"\u003e\u003cbr /\u003e\r\n\u0026nbsp;\u003c/p\u003e\r\n\r\n\u003col\u003e\r\n\t\u003cli\u003e\r\n\t\u003col\u003e\r\n\t\t\u003cli\u003e\r\n\t\t\u003cp align=\"justify\" class=\"western\" style=\"margin-bottom: 0cm; line-height: 100%; widows: 0; orphans: 0\"\u003e\u003cfont face=\"Arial, sans-serif\"\u003eПокупатель направляет Поставщику посредством телефонной, факсимильной, электронной и иных современных технических средств связи заявку на Товар. Поставщик имеет право корректировать заявки с последующим уведомлением Покупателя.\u003c/font\u003e\u003c/p\u003e\r\n\t\t\u003c/li\u003e\r\n\t\t\u003cli\u003e\r\n\t\t\u003cp align=\"justify\" class=\"western\" style=\"margin-bottom: 0cm; line-height: 100%; widows: 0; orphans: 0\"\u003e\u003cfont face=\"Arial, sans-serif\"\u003eПередача (отгрузка) Товара осуществляется на основании накладных в течение пяти рабочих дней с момента оплаты Покупателем стоимости Товара.\u003c/font\u003e\u003c/p\u003e\r\n\t\t\u003c/li\u003e\r\n\t\t\u003cli\u003e\r\n\t\t\u003cp align=\"justify\" class=\"western\" style=\"margin-bottom: 0cm; line-height: 100%; widows: 0; orphans: 0\"\u003e\u003cfont face=\"Arial, sans-serif\"\u003eПолучателем Товара является Покупатель или иное указанное им лицо.\u003c/font\u003e\u003c/p\u003e\r\n\t\t\u003c/li\u003e\r\n\t\t\u003cli\u003e\r\n\t\t\u003cp align=\"justify\" class=\"western\" style=\"margin-bottom: 0cm; line-height: 100%; widows: 0; orphans: 0\"\u003e\u003cfont face=\"Arial, sans-serif\"\u003eПоставщик считается исполнившим обязанность по передаче Товара в момент его отгрузки со своего склада (дата накладной), а в случае доставки Товара с привлечением третьих лиц \u0026ndash; в момент сдачи Товара перевозчику или организации связи для доставки Получателю. Расходы Поставщика по доставке включаются в стоимость Товара или оплачиваются Покупателем.\u003c/font\u003e\u003c/p\u003e\r\n\t\t\u003c/li\u003e\r\n\t\t\u003cli\u003e\r\n\t\t\u003cp align=\"justify\" class=\"western\" style=\"margin-bottom: 0cm; line-height: 100%; widows: 0; orphans: 0\"\u003e\u003cfont face=\"Arial, sans-serif\"\u003eПраво собственности на Товар у Получателя возникает с момента исполнения Поставщиком обязанности по его передаче.\u003c/font\u003e\u003c/p\u003e\r\n\t\t\u003c/li\u003e\r\n\t\t\u003cli\u003e\r\n\t\t\u003cp align=\"justify\" class=\"western\" style=\"margin-bottom: 0cm; line-height: 100%; widows: 0; orphans: 0\"\u003e\u003cfont face=\"Arial, sans-serif\"\u003eПодписанием накладной Получатель подтверждает отсутствие со своей стороны претензий к Поставщику по количеству, ассортименту, комплектности, внешнему виду и качеству Товара, за исключением претензий по скрытым недостаткам.\u003c/font\u003e\u003c/p\u003e\r\n\t\t\u003c/li\u003e\r\n\t\u003c/ol\u003e\r\n\t\u003c/li\u003e\r\n\u003c/ol\u003e\r\n\r\n\u003cp align=\"justify\" class=\"western\" style=\"text-indent: 1.25cm; margin-bottom: 0.35cm; line-height: 115%; widows: 0; orphans: 0\"\u003e\u003cbr /\u003e\r\n\u0026nbsp;\u003c/p\u003e\r\n\r\n\u003col start=\"3\"\u003e\r\n\t\u003cli\u003e\r\n\t\u003cp align=\"center\" class=\"western\" style=\"margin-bottom: 0cm; line-height: 100%; widows: 0; orphans: 0\"\u003e\u003cfont face=\"Arial, sans-serif\"\u003e\u003cb\u003eКАЧЕСТВО ТОВАРА\u003c/b\u003e\u003c/font\u003e\u003c/p\u003e\r\n\t\u003c/li\u003e\r\n\u003c/ol\u003e\r\n\r\n\u003cp align=\"justify\" class=\"western\" style=\"text-indent: 1.25cm; margin-bottom: 0.35cm; line-height: 115%; widows: 0; orphans: 0\"\u003e\u003cbr /\u003e\r\n\u0026nbsp;\u003c/p\u003e\r\n\r\n\u003col\u003e\r\n\t\u003cli\u003e\r\n\t\u003col\u003e\r\n\t\t\u003cli\u003e\r\n\t\t\u003cp align=\"justify\" class=\"western\" style=\"margin-bottom: 0cm; line-height: 100%; widows: 0; orphans: 0\"\u003e\u003cfont face=\"Arial, sans-serif\"\u003eПоставщик гарантирует качество поставляемого Товара и обязуется поставлять Получателю Товар, соответствующий действующим стандартам или техническим условиям изготовителей.\u003c/font\u003e\u003c/p\u003e\r\n\t\t\u003c/li\u003e\r\n\t\u003c/ol\u003e\r\n\t\u003c/li\u003e\r\n\u003c/ol\u003e\r\n\r\n\u003cp align=\"justify\" class=\"western\" style=\"text-indent: 1.25cm; margin-bottom: 0.35cm; line-height: 115%; widows: 0; orphans: 0\"\u003e\u003cbr /\u003e\r\n\u0026nbsp;\u003c/p\u003e\r\n\r\n\u003col start=\"4\"\u003e\r\n\t\u003cli\u003e\r\n\t\u003cp align=\"center\" class=\"western\" style=\"margin-bottom: 0cm; line-height: 100%; widows: 0; orphans: 0\"\u003e\u003cfont face=\"Arial, sans-serif\"\u003e\u003cb\u003eЦЕНА НА ТОВАР И УСЛОВИЯ ОПЛАТЫ\u003c/b\u003e\u003c/font\u003e\u003c/p\u003e\r\n\t\u003c/li\u003e\r\n\u003c/ol\u003e\r\n\r\n\u003cp align=\"justify\" class=\"western\" style=\"text-indent: 1.25cm; margin-bottom: 0.35cm; line-height: 115%; widows: 0; orphans: 0\"\u003e\u003cbr /\u003e\r\n\u0026nbsp;\u003c/p\u003e\r\n\r\n\u003col\u003e\r\n\t\u003cli\u003e\r\n\t\u003col\u003e\r\n\t\t\u003cli\u003e\r\n\t\t\u003cp align=\"justify\" class=\"western\" style=\"margin-bottom: 0cm; line-height: 100%; widows: 0; orphans: 0\"\u003e\u003cfont face=\"Arial, sans-serif\"\u003eЦена на Товар согласовывается при обработке заявок Покупателя, включает в себя все возможные скидки, а также расходы по доставке Товара, если таковые понесены Поставщиком.\u003c/font\u003e\u003c/p\u003e\r\n\t\t\u003c/li\u003e\r\n\t\t\u003cli\u003e\r\n\t\t\u003cp align=\"justify\" class=\"western\" style=\"margin-bottom: 0cm; line-height: 100%; widows: 0; orphans: 0\"\u003e\u003cfont face=\"Arial, sans-serif\"\u003eЦена на Товар подтверждается Поставщиком в счетах на оплату и включает в себя НДС.\u003c/font\u003e\u003c/p\u003e\r\n\t\t\u003c/li\u003e\r\n\t\t\u003cli\u003e\r\n\t\t\u003cp align=\"justify\" class=\"western\" style=\"margin-bottom: 0cm; line-height: 100%; widows: 0; orphans: 0\"\u003e\u003cfont face=\"Arial, sans-serif\"\u003eОплата стоимости Товара производится Покупателем в порядке предварительной оплаты 100% стоимости Товара в течение 3 (трех) банковских дней с момента выставления счета Поставщиком.\u003c/font\u003e\u003c/p\u003e\r\n\t\t\u003c/li\u003e\r\n\t\t\u003cli\u003e\r\n\t\t\u003cp align=\"justify\" class=\"western\" style=\"margin-bottom: 0cm; line-height: 100%; widows: 0; orphans: 0\"\u003e\u003cfont face=\"Arial, sans-serif\"\u003eПокупатель оплачивает Товар безналичным платежом по реквизитам, указанным Поставщиком. Датой платежа считается дата зачисления денежных средств на расчетный счет Поставщика.\u003c/font\u003e\u003c/p\u003e\r\n\t\t\u003c/li\u003e\r\n\t\u003c/ol\u003e\r\n\t\u003c/li\u003e\r\n\u003c/ol\u003e\r\n\r\n\u003cp align=\"justify\" class=\"western\" style=\"text-indent: 1.25cm; margin-bottom: 0.35cm; line-height: 115%; widows: 0; orphans: 0\"\u003e\u003cfont face=\"Arial, sans-serif\"\u003eДопускается оплата наличными денежными средствами в пределах установленных лимитов.\u003c/font\u003e\u003c/p\u003e\r\n\r\n\u003cp align=\"justify\" class=\"western\" style=\"text-indent: 1.25cm; margin-bottom: 0.35cm; line-height: 115%; widows: 0; orphans: 0\"\u003e\u003cbr /\u003e\r\n\u0026nbsp;\u003c/p\u003e\r\n\r\n\u003col start=\"5\"\u003e\r\n\t\u003cli\u003e\r\n\t\u003cp align=\"center\" class=\"western\" style=\"margin-bottom: 0cm; line-height: 100%; widows: 0; orphans: 0\"\u003e\u003cfont face=\"Arial, sans-serif\"\u003e\u003cb\u003eПОРЯДОК ЗАЯВЛЕНИЯ ПРЕТЕНЗИЙ\u003c/b\u003e\u003c/font\u003e\u003c/p\u003e\r\n\t\u003c/li\u003e\r\n\u003c/ol\u003e\r\n\r\n\u003cp align=\"justify\" class=\"western\" style=\"text-indent: 1.25cm; margin-bottom: 0.35cm; line-height: 115%; widows: 0; orphans: 0\"\u003e\u003cbr /\u003e\r\n\u0026nbsp;\u003c/p\u003e\r\n\r\n\u003col\u003e\r\n\t\u003cli\u003e\r\n\t\u003col\u003e\r\n\t\t\u003cli\u003e\r\n\t\t\u003cp align=\"justify\" class=\"western\" style=\"margin-bottom: 0cm; line-height: 100%; widows: 0; orphans: 0\"\u003e\u003cfont face=\"Arial, sans-serif\"\u003eПретензии могут быть заявлены Покупателем:\u003c/font\u003e\u003c/p\u003e\r\n\r\n\t\t\u003cul\u003e\r\n\t\t\t\u003cli\u003e\r\n\t\t\t\u003cp align=\"justify\" class=\"western\" style=\"margin-bottom: 0cm; line-height: 100%; widows: 0; orphans: 0\"\u003e\u003cfont face=\"Arial, sans-serif\"\u003eпо количеству, ассортименту, комплектности, внешнему виду и качеству Товара, за исключением скрытых недостатков \u0026ndash; в момент передачи Товара;\u003c/font\u003e\u003c/p\u003e\r\n\t\t\t\u003c/li\u003e\r\n\t\t\t\u003cli\u003e\r\n\t\t\t\u003cp align=\"justify\" class=\"western\" style=\"margin-bottom: 0cm; line-height: 100%; widows: 0; orphans: 0\"\u003e\u003cfont face=\"Arial, sans-serif\"\u003eпо скрытым недостаткам Товара \u0026ndash; в течение 30 (тридцати) дней с момента передачи Товара, а по скрытым недостаткам Товара, имеющего заводскую гарантию, в течение срока гарантии, установленного изготовителем.\u003c/font\u003e\u003c/p\u003e\r\n\t\t\t\u003c/li\u003e\r\n\t\t\u003c/ul\u003e\r\n\t\t\u003c/li\u003e\r\n\t\t\u003cli\u003e\r\n\t\t\u003cp align=\"justify\" class=\"western\" style=\"margin-bottom: 0cm; line-height: 100%; widows: 0; orphans: 0\"\u003e\u003cfont face=\"Arial, sans-serif\"\u003eВ случае выявления недостачи, несоответствия ассортимента, дефектов. повреждений или иных несоответствий Товара Получателем, он обязан в момент приемки Товара совместно с доставившим его лицом, составить двусторонний акт с указанием на наличие и целостность опечатывающих Товар пломб и приложить фотографии, подтверждающие изложенные в акте обстоятельства. Акт с приложениями направляется Получателем Поставщику немедленно по почте или курьером, а их копии \u0026ndash; посредством электронной почты или факсимильной связи, в течение одних суток с момента выявления недостачи, дефектов, повреждений или иных несоответствий Товара.\u003c/font\u003e\u003c/p\u003e\r\n\t\t\u003c/li\u003e\r\n\t\t\u003cli\u003e\r\n\t\t\u003cp align=\"justify\" class=\"western\" style=\"margin-bottom: 0cm; line-height: 100%; widows: 0; orphans: 0\"\u003e\u003cfont face=\"Arial, sans-serif\"\u003eВ каждой претензии (акте) должны быть указаны наименование и количество несоответствующего условиям Договора Товара, номер и дата документа, по которому поставлен Товар, суть претензии и ее обоснование, а также конкретные требования Покупателя. К претензии (акту) прилагаются подтверждающие ее документы и, в частности, акты специализированных организаций или акты, составленные с участием представителя Поставщика или независимой организации.\u003c/font\u003e\u003c/p\u003e\r\n\t\t\u003c/li\u003e\r\n\t\t\u003cli\u003e\r\n\t\t\u003cp align=\"justify\" class=\"western\" style=\"margin-bottom: 0cm; line-height: 100%; widows: 0; orphans: 0\"\u003e\u003cfont face=\"Arial, sans-serif\"\u003eВ случае согласия с претензией (актом) Поставщик обязуется в течение 20 (двадцати) рабочих дней принять бракованную продукцию, обменять или отремонтировать некачественный Товар.\u003c/font\u003e\u003c/p\u003e\r\n\t\t\u003c/li\u003e\r\n\t\u003c/ol\u003e\r\n\t\u003c/li\u003e\r\n\u003c/ol\u003e\r\n\r\n\u003cp align=\"justify\" class=\"western\" style=\"text-indent: 1.25cm; margin-bottom: 0.35cm; line-height: 115%; widows: 0; orphans: 0\"\u003e\u003cbr /\u003e\r\n\u0026nbsp;\u003c/p\u003e\r\n\r\n\u003col start=\"6\"\u003e\r\n\t\u003cli\u003e\r\n\t\u003cp align=\"center\" class=\"western\" style=\"margin-bottom: 0cm; line-height: 100%; widows: 0; orphans: 0\"\u003e\u003cfont face=\"Arial, sans-serif\"\u003e\u003cb\u003eОТВЕТСТВЕННОСТЬ СТОРОН\u003c/b\u003e\u003c/font\u003e\u003c/p\u003e\r\n\t\u003c/li\u003e\r\n\u003c/ol\u003e\r\n\r\n\u003cp align=\"justify\" class=\"western\" style=\"text-indent: 1.25cm; margin-bottom: 0.35cm; line-height: 115%; widows: 0; orphans: 0\"\u003e\u003cbr /\u003e\r\n\u0026nbsp;\u003c/p\u003e\r\n\r\n\u003col\u003e\r\n\t\u003cli\u003e\r\n\t\u003col\u003e\r\n\t\t\u003cli\u003e\r\n\t\t\u003cp align=\"justify\" class=\"western\" style=\"margin-bottom: 0cm; line-height: 100%; widows: 0; orphans: 0\"\u003e\u003cfont face=\"Arial, sans-serif\"\u003eВ случае задержки передачи Товара по вине Поставщика он уплачивает Покупателю пени в размере 0,1% от суммы непоставленного Товара за каждый день просрочки. При этом Поставщик обязуется произвести допоставку Товара в кратчайшие сроки или, по желанию Покупателя, вернуть соответствующую часть предоплаты.\u003c/font\u003e\u003c/p\u003e\r\n\t\t\u003c/li\u003e\r\n\t\t\u003cli\u003e\r\n\t\t\u003cp align=\"justify\" class=\"western\" style=\"margin-bottom: 0cm; line-height: 100%; widows: 0; orphans: 0\"\u003e\u003cfont face=\"Arial, sans-serif\"\u003eУплата штрафных санкций не освобождает Стороны от выполнения своих обязательств по Договору.\u003c/font\u003e\u003c/p\u003e\r\n\t\t\u003c/li\u003e\r\n\t\t\u003cli\u003e\r\n\t\t\u003cp align=\"justify\" class=\"western\" style=\"margin-bottom: 0cm; line-height: 100%; widows: 0; orphans: 0\"\u003e\u003cfont face=\"Arial, sans-serif\"\u003eВ случае задержки платежа по вине Покупателя Поставщик имеет право изменить цены на Товар, указанные в счетах на предоплату.\u003c/font\u003e\u003c/p\u003e\r\n\t\t\u003c/li\u003e\r\n\t\t\u003cli\u003e\r\n\t\t\u003cp align=\"justify\" class=\"western\" style=\"margin-bottom: 0cm; line-height: 100%; widows: 0; orphans: 0\"\u003e\u003cfont face=\"Arial, sans-serif\"\u003eСтороны освобождаются от ответственности за неисполнение обязательств по Договору на время действия форс-мажорных обстоятельств (обстоятельств непреодолимой силы). Сторона, подвергшаяся форс-мажору, обязана уведомить об этом другую сторону в течение 24 часов. Если действие форс-мажорных обстоятельств превышает один месяц, то любая из Сторон вправе в одностороннем порядке расторгнуть Договор, уведомив об этом другую Сторону за 15 дней до расторжения Договора. Надлежащим доказательством наличия форс-мажорных обстоятельств и их продолжительности является письменное свидетельство торгово-промышленной палаты по месту нахождения Стороны подвергшейся форс-мажору.\u003c/font\u003e\u003c/p\u003e\r\n\t\t\u003c/li\u003e\r\n\t\u003c/ol\u003e\r\n\t\u003c/li\u003e\r\n\u003c/ol\u003e\r\n\r\n\u003cp align=\"justify\" class=\"western\" style=\"text-indent: 1.25cm; margin-bottom: 0.35cm; line-height: 115%; widows: 0; orphans: 0\"\u003e\u003cbr /\u003e\r\n\u0026nbsp;\u003c/p\u003e\r\n\r\n\u003cp class=\"western\" style=\"margin-bottom: 0.35cm; line-height: 115%; widows: 0; orphans: 0\"\u003e\u003cbr /\u003e\r\n\u0026nbsp;\u003c/p\u003e\r\n\r\n\u003cp class=\"western\" style=\"margin-bottom: 0.35cm; line-height: 115%; widows: 0; orphans: 0\"\u003e\u003cbr /\u003e\r\n\u0026nbsp;\u003c/p\u003e\r\n\r\n\u003cp align=\"center\" class=\"western\" style=\"margin-bottom: 0.35cm; line-height: 115%; widows: 0; orphans: 0\"\u003e\u003cbr /\u003e\r\n\u0026nbsp;\u003c/p\u003e\r\n\r\n\u003col start=\"7\"\u003e\r\n\t\u003cli\u003e\r\n\t\u003cp align=\"center\" class=\"western\" style=\"margin-bottom: 0cm; line-height: 100%; widows: 0; orphans: 0\"\u003e\u003cfont face=\"Arial, sans-serif\"\u003e\u003cb\u003eПРОЧИЕ УСЛОВИЯ\u003c/b\u003e\u003c/font\u003e\u003c/p\u003e\r\n\t\u003c/li\u003e\r\n\u003c/ol\u003e\r\n\r\n\u003cp align=\"justify\" class=\"western\" style=\"text-indent: 1.25cm; margin-bottom: 0.35cm; line-height: 115%; widows: 0; orphans: 0\"\u003e\u003cbr /\u003e\r\n\u0026nbsp;\u003c/p\u003e\r\n\r\n\u003col\u003e\r\n\t\u003cli\u003e\r\n\t\u003col\u003e\r\n\t\t\u003cli\u003e\r\n\t\t\u003cp align=\"justify\" class=\"western\" style=\"margin-bottom: 0cm; line-height: 100%; widows: 0; orphans: 0\"\u003e\u003cfont face=\"Arial, sans-serif\"\u003eСрок действия Договора устанавливается с момента подписания до _________________________ года.\u003c/font\u003e\u003c/p\u003e\r\n\t\t\u003c/li\u003e\r\n\t\t\u003cli\u003e\r\n\t\t\u003cp align=\"justify\" class=\"western\" style=\"margin-bottom: 0cm; line-height: 100%; widows: 0; orphans: 0\"\u003e\u003cfont face=\"Arial, sans-serif\"\u003eДоговор может быть расторгнут по заявлению одной из Сторон, сделанному не менее чем за 30 дней до предполагаемой даты расторжения.\u003c/font\u003e\u003c/p\u003e\r\n\t\t\u003c/li\u003e\r\n\t\t\u003cli\u003e\r\n\t\t\u003cp align=\"justify\" class=\"western\" style=\"margin-bottom: 0cm; line-height: 100%; widows: 0; orphans: 0\"\u003e\u003cfont face=\"Arial, sans-serif\"\u003eВсе изменения и дополнения к Договору действительны, если они совершены в письменной форме и подписаны Сторонами.\u003c/font\u003e\u003c/p\u003e\r\n\t\t\u003c/li\u003e\r\n\t\t\u003cli\u003e\r\n\t\t\u003cp align=\"justify\" class=\"western\" style=\"margin-bottom: 0cm; line-height: 100%; widows: 0; orphans: 0\"\u003e\u003cfont face=\"Arial, sans-serif\"\u003eВсе споры и разногласия, которые могут возникнуть в ходе исполнения Договора разрешаются Сторонами путем переговоров. В случае недостижения согласия, спор передается на рассмотрение Арбитражного суда города Москвы.\u003c/font\u003e\u003c/p\u003e\r\n\t\t\u003c/li\u003e\r\n\t\t\u003cli\u003e\r\n\t\t\u003cp align=\"justify\" class=\"western\" style=\"margin-bottom: 0cm; line-height: 100%; widows: 0; orphans: 0\"\u003e\u003cfont face=\"Arial, sans-serif\"\u003eПередача документов по заключению Договора, его изменению, согласованию цен, номенклатуры и количества Товара и других документов может осуществляться с применением факсимильной связи.\u003c/font\u003e\u003c/p\u003e\r\n\t\t\u003c/li\u003e\r\n\t\t\u003cli\u003e\r\n\t\t\u003cp align=\"justify\" class=\"western\" style=\"margin-bottom: 0cm; line-height: 100%; widows: 0; orphans: 0\"\u003e\u003cfont face=\"Arial, sans-serif\"\u003eОб изменении своих реквизитов, в том числе об изменении юридического, фактического, почтового адреса, смене названия, а также о начале процедуры реорганизации, ликвидации, банкротства и других изменениях Покупатель обязан в трехдневный срок письменно (заказным письмом) уведомить Поставщика.\u003c/font\u003e\u003c/p\u003e\r\n\t\t\u003c/li\u003e\r\n\t\u003c/ol\u003e\r\n\t\u003c/li\u003e\r\n\u003c/ol\u003e\r\n\r\n\u003cp align=\"justify\" class=\"western\" style=\"text-indent: 1.25cm; margin-bottom: 0.35cm; line-height: 115%; widows: 0; orphans: 0\"\u003e\u003cfont face=\"Arial, sans-serif\"\u003eВ случае неизвещения или несвоевременного извещения об изменении адреса будет считаться, что ранее заявленный адрес является достоверным.\u003c/font\u003e\u003c/p\u003e\r\n\r\n\u003col\u003e\r\n\t\u003cli\u003e\r\n\t\u003col start=\"7\"\u003e\r\n\t\t\u003cli\u003e\r\n\t\t\u003cp align=\"justify\" class=\"western\" style=\"margin-bottom: 0cm; line-height: 100%; widows: 0; orphans: 0\"\u003e\u003cfont face=\"Arial, sans-serif\"\u003eДоговор составлен в двух экземплярах, имеющих одинаковую юридическую силу, по одному для каждой Стороны.\u003c/font\u003e\u003c/p\u003e\r\n\t\t\u003c/li\u003e\r\n\t\u003c/ol\u003e\r\n\t\u003c/li\u003e\r\n\u003c/ol\u003e\r\n","sub_url":"","custom_url":"","description":"","system_id":"term","seo_h1":null,"meta_title":null,"meta_description":null,"meta_keywords":null,"seo_text":null,"options_1":null,"options_2":null,"options_3":null,"options_4":null,"sub_category":null},{"title":"Персональные данные","slug":"personalnye-dannye","page_category_slug":"polzovatelyam","body":"\u003cp\u003eС нами ваши персональные данные в безопасности.\u003c/p\u003e\r\n","sub_url":"","custom_url":"","description":"","system_id":"152FZ","seo_h1":null,"meta_title":null,"meta_description":null,"meta_keywords":null,"seo_text":null,"options_1":null,"options_2":null,"options_3":null,"options_4":null,"sub_category":null},{"title":"Грузовые запчасти для прицепов и оси ","slug":"gruzovyye-zapchasti","page_category_slug":"o-kompanii","body":"\u003cp\u003e\u003cstrong style=\"font-size: 12px;\"\u003e\u003ca href=\"https://truckm.ru/\" target=\"_blank\" title=\"Грузовые запчасти\"\u003eГрузовые запчасти\u003c/a\u003e для: DAF, MAN, VOLVO, RENAULT, SCANIA, MERCEDES, IVECO\u003c/strong\u003e\u003cspan style=\"font-size:12px;\"\u003e. У нас вы сможете \u003cstrong\u003eкупить запчасти для прицепов и оси: SHMITZ, SAF HOLLAND, BPW, KRONE,  KOGEL, ТОНАР.\u003c/strong\u003e Грузовые автомобили китайского производства так же нуждаются в обслуживании, именно поэтому мы предлагаем \u003cstrong\u003eзапчасти для SHACMAN, HOWO, SITRAK, FAW. \u003c/strong\u003e\u003c/span\u003e\u003c/p\u003e\r\n\r\n\u003cp\u003e\u003cspan style=\"font-size:12px;\"\u003eМагазин грузовых запчастей \"MILLENNIUM PARTS\" в Москве. Более 8 лет мы занимаемся продажей грузовых запчастей, запчастей для прицепов и осей. \u003c/span\u003e\u003cspan style=\"font-size:12px;\"\u003e \u003c/span\u003e\u003c/p\u003e\r\n\r\n\u003cp\u003e \u003c/p\u003e\r\n\r\n\u003ch2\u003eФильтр грузовой\u003c/h2\u003e\r\n\r\n\u003ch3\u003eФильтр масляный, воздушный основной и вставочный, топливный тонкой чистки и грубой очистки, осушителя, салонный.\u003c/h3\u003e\r\n\r\n\u003cp\u003e\u003cspan style=\"font-size:12px;\"\u003e\u003ca href=\"https://truckm.ru/\" target=\"_blank\" title=\"грузовые запчасти\"\u003eГрузовые запчасти\u003c/a\u003e требуются для ТО (технического обслуживания) автомобиля и именно поэтому мы готовы предложить вам \u003cstrong\u003eфильтр грузовой топливный тонкой очистки, топливный грубой очистки, воздушный основной, воздушный вставочный, масляный, осушителя (влагоотделитель/маслоотделитель)\u003c/strong\u003e.\u003c/span\u003e\u003c/p\u003e\r\n\r\n\u003cp\u003e \u003c/p\u003e\r\n\r\n\u003ch2\u003eПневмоподушка (Пневморессора)\u003c/h2\u003e\r\n\r\n\u003ch3\u003eПневмоподушка передняя, задняя, кабины, прицепа и полуприцепа. \u003c/h3\u003e\r\n\r\n\u003cp\u003e\u003cspan style=\"font-size:12px;\"\u003eЧасто требуется задняя пневмоподушка и передняя пневмоподушка, но не исключено, что вам может потребовать и пневмоподушка для кабины. У нас большой выбор пневоподушек для грузовых автомобилей, для кабин, прицепов и полуприцепов.\u003c/span\u003e\u003c/p\u003e\r\n\r\n\u003cp\u003e \u003c/p\u003e\r\n\r\n\u003ch2\u003eГрузовые тормозные накладки\u003c/h2\u003e\r\n\r\n\u003ch3\u003eТормозные накладки передние, задние, барабанные, дисковые, для прицепов и полуприцепов.\u003c/h3\u003e\r\n\r\n\u003cp\u003e\u003cspan style=\"font-size:12px;\"\u003eТормозная система автомобиля является важным фактором безопасности водителя и пешехода, именно поэтому её нужно обслуживать своевременно. Мы поможем подобрать грузовые тормозные накладки передние и задние тормозные накладки. Так же, мы подберём для тормозные накладки как для барабанных тормозных систем, так и для дисковых. Но и не забудем про тормозные накладки для прицепов и полуприцепов.\u003c/span\u003e \u003c/p\u003e\r\n","sub_url":"","custom_url":"","description":"\u003cdiv class=\"tpl23-about-info-count\"\u003e\r\n\u003cdiv class=\"tpl23-about-info-count-item\"\u003e\r\n\u003cdiv class=\"tpl23-about-info-count-number\"\u003e \u003c/div\u003e\r\n\u003c/div\u003e\r\n\u003c/div\u003e\r\n","system_id":"about-template-23","seo_h1":"Грузовые запчасти","meta_title":"Грузовые запчасти ","meta_description":"Магазин грузовых запчастей MILLENNIUM PARTS - грузовые запчасти на Европейские и Китайские автомобили","meta_keywords":"Грузовые запчасти, каталог грузовых запчастей, магазин грузовых запчастей, запчасти для грузовых автомобилей, запчасти для грузовых иномарок","seo_text":"","options_1":"","options_2":"","options_3":"","options_4":"","sub_category":""},{"title":"Магазин автозапчастей для иномарок","slug":"magazin-avtozapchastei-dlya-inomarok","page_category_slug":"o-kompanii","body":"\u003cp\u003eМы компания, занимающаяся розничной продажей запчастей, расходных материалов, аксессуаров и комплектующих для автомобилей иностранного производства. В нашем ассортименте продукция ведущих европейских, корейских, японских марок, а так же большой выбор неоригинальных автомобильных запчастей. Предлагаем быстрый и удобный сервис по поиску, подбору и заказу необходимых вам запчастей, сезонную систему скидок и максимально короткие сроки доставки\u003c/p\u003e\r\n","sub_url":"","custom_url":"","description":"\u003cdiv class=\"tpl23-about-info-count\"\u003e\r\n\u003cdiv class=\"tpl23-about-info-count-item\"\u003e\r\n\u003cdiv class=\"tpl23-about-info-count-number\"\u003e24 231 +\u003c/div\u003e\r\n\r\n\u003cdiv class=\"tpl23-about-info-count-text\"\u003eДовольных клиентов\u003cbr /\u003e\r\nза 10 лет работы\u003c/div\u003e\r\n\u003c/div\u003e\r\n\r\n\u003cdiv class=\"tpl23-about-info-count-item\"\u003e\r\n\u003cdiv class=\"tpl23-about-info-count-number\"\u003e100 +\u003c/div\u003e\r\n\r\n\u003cdiv class=\"tpl23-about-info-count-text\"\u003eЗаказов мы обрабатываем\u003cbr /\u003e\r\nкаждый день\u003c/div\u003e\r\n\u003c/div\u003e\r\n\r\n\u003cdiv class=\"tpl23-about-info-count-item\"\u003e\r\n\u003cdiv class=\"tpl23-about-info-count-number\"\u003e15\u003c/div\u003e\r\n\r\n\u003cdiv class=\"tpl23-about-info-count-text\"\u003eФилиалов\u003cbr /\u003e\r\nпо всей стране\u003c/div\u003e\r\n\u003c/div\u003e\r\n\u003c/div\u003e\r\n","system_id":"about-template-23","seo_h1":"","meta_title":"","meta_description":"","meta_keywords":"","seo_text":"","options_1":"","options_2":"","options_3":"","options_4":"","sub_category":""},{"title":"Магазин автозапчастей для иномарок","slug":"magazin-avtozapchastei-dlya-inomarok-f907b44a-2f70-43b8-a139-c06dd875dc48","page_category_slug":"o-kompanii","body":"\u003cp\u003eМы компания, занимающаяся розничной продажей запчастей, расходных материалов, аксессуаров и комплектующих для автомобилей иностранного производства. В нашем ассортименте продукция ведущих европейских, корейских, японских марок, а так же большой выбор неоригинальных автомобильных запчастей. Предлагаем быстрый и удобный сервис по поиску, подбору и заказу необходимых вам запчастей, сезонную систему скидок и максимально короткие сроки доставки\u003c/p\u003e\r\n","sub_url":"","custom_url":"","description":"\u003cdiv class=\"tpl27-about__block\"\u003e\r\n                    \u003cdiv class=\"tpl27-about__row\"\u003e\r\n                        \u003cdiv class=\"tpl27-about__num\"\u003e24 231+\u003c/div\u003e\r\n                        \u003cdiv class=\"tpl27-about__info\"\u003eДовольных клиентов за 10 лет работы\u003c/div\u003e\r\n                    \u003c/div\u003e\r\n                    \u003cdiv class=\"tpl27-about__row\"\u003e\r\n                        \u003cdiv class=\"tpl27-about__num\"\u003e100+\u003c/div\u003e\r\n                        \u003cdiv class=\"tpl27-about__info\"\u003eЗаказов мы обрабатываем каждый день\u003c/div\u003e\r\n                    \u003c/div\u003e\r\n                \u003c/div\u003e","system_id":"about-template-27","seo_h1":"","meta_title":"","meta_description":"","meta_keywords":"","seo_text":"","options_1":"","options_2":"","options_3":"","options_4":"","sub_category":""}]
